obj_id,alpha,delta,label,image_name,u,g,r,i,z
1237651538725437637,241.371578318351,53.0182230314347,STAR,1237651538725437637_241.371578318351_53.0182230314347_STAR_1.314456.jpg,20.43803,20.07368,19.83997,19.71325,19.8201
1237651539777880242,142.727776270428,61.81107477807,GALAXY,1237651539777880242_142.727776270428_61.81107477807_GALAXY_0.09187129.jpg,19.97844,18.60103,17.891,17.42541,17.13911
